strRegion,strUbigeo,idExpediente,strCodExpediente,idOrganizacionPolitica,strOrganizacionPolitica,idSolicitudLista,strEstadoLista,strJuradoElectoral,intCandHombres,intCandMujeres,idJuradoUbicacion,strDistritoElec
LIMA,140101,91103,EG.2021004692,5,RENACIMIENTO UNIDO NACIONAL,23039,INSCRITO,LIMA CENTRO 1,2,2,1536,PERUANOS RESIDENTES EN EL EXTRANJERO
LIMA,140101,90997,EG.2021004586,47,UNION POR EL PERU,22938,INSCRITO,LIMA CENTRO 1,2,2,1536,PERUANOS RESIDENTES EN EL EXTRANJERO
LIMA,140101,91161,EG.2021004750,32,PARTIDO APRISTA PERUANO,23185,INSCRITO,LIMA CENTRO 1,2,2,1536,PERUANOS RESIDENTES EN EL EXTRANJERO
LIMA,140101,90971,EG.2021004561,4,ACCION POPULAR,22969,INSCRITO,LIMA CENTRO 1,2,2,1536,PERUANOS RESIDENTES EN EL EXTRANJERO
LIMA,140101,90821,EG.2021004411,55,PERU PATRIA SEGURA,22719,INSCRITO,LIMA CENTRO 1,2,2,1536,PERUANOS RESIDENTES EN EL EXTRANJERO
LIMA,140101,90580,EG.2021004183,2646,FRENTE POPULAR AGRICOLA FIA DEL PERU - FREPAP,22561,INSCRITO,LIMA CENTRO 1,2,2,1536,PERUANOS RESIDENTES EN EL EXTRANJERO
LIMA,140101,90883,EG.2021004473,22,RENOVACION POPULAR,22713,PERIODO DE TACHA,LIMA CENTRO 1,2,2,1536,PERUANOS RESIDENTES EN EL EXTRANJERO
LIMA,140101,91142,EG.2021004731,2218,PARTIDO POLITICO NACIONAL PERU LIBRE,23164,PERIODO DE TACHA,LIMA CENTRO 1,2,2,1536,PERUANOS RESIDENTES EN EL EXTRANJERO
LIMA,140101,90698,EG.2021004296,2840,PARTIDO MORADO,22808,TACHA EN TRAMITE,LIMA CENTRO 1,2,2,1536,PERUANOS RESIDENTES EN EL EXTRANJERO
LIMA,140101,90696,EG.2021004294,14,PARTIDO DEMOCRATICO SOMOS PERU,22786,INSCRITO,LIMA CENTRO 1,2,2,1536,PERUANOS RESIDENTES EN EL EXTRANJERO
LIMA,140101,91129,EG.2021004718,2160,"EL FRENTE AMPLIO POR JUSTICIA, VIDA Y LIBERTAD",23201,APELACIÓN,LIMA CENTRO 1,2,2,1536,PERUANOS RESIDENTES EN EL EXTRANJERO
LIMA,140101,91099,EG.2021004688,21,VICTORIA NACIONAL,22837,INSCRITO,LIMA CENTRO 1,2,2,1536,PERUANOS RESIDENTES EN EL EXTRANJERO
LIMA,140101,90986,EG.2021004576,2191,DEMOCRACIA DIRECTA,23122,INSCRITO,LIMA CENTRO 1,2,2,1536,PERUANOS RESIDENTES EN EL EXTRANJERO
LIMA,140101,91137,EG.2021004726,2173,AVANZA PAIS - PARTIDO DE INTEGRACION SOCIAL,23207,PERIODO DE TACHA,LIMA CENTRO 1,2,2,1536,PERUANOS RESIDENTES EN EL EXTRANJERO
LIMA,140101,90849,EG.2021004439,1264,JUNTOS POR EL PERU,22994,INSCRITO,LIMA CENTRO 1,2,2,1536,PERUANOS RESIDENTES EN EL EXTRANJERO
LIMA,140101,90581,EG.2021004184,1366,FUERZA POPULAR,22613,INSCRITO,LIMA CENTRO 1,2,2,1536,PERUANOS RESIDENTES EN EL EXTRANJERO
LIMA,140101,90984,EG.2021004574,15,PARTIDO POPULAR CRISTIANO - PPC,22821,INSCRITO,LIMA CENTRO 1,2,2,1536,PERUANOS RESIDENTES EN EL EXTRANJERO
LIMA,140101,90982,EG.2021004572,1257,ALIANZA PARA EL PROGRESO,22857,INSCRITO,LIMA CENTRO 1,2,2,1536,PERUANOS RESIDENTES EN EL EXTRANJERO
LIMA,140101,91053,EG.2021004642,179,PARTIDO NACIONALISTA PERUANO,22895,PERIODO DE TACHA,LIMA CENTRO 1,2,2,1536,PERUANOS RESIDENTES EN EL EXTRANJERO
AMAZONAS,010000,90945,EG.2021004535,1257,ALIANZA PARA EL PROGRESO,22777,INSCRITO,CHACHAPOYAS,2,2,1517,AMAZONAS
AMAZONAS,010000,90729,EG.2021004326,1264,JUNTOS POR EL PERU,22681,INSCRITO,CHACHAPOYAS,2,2,1517,AMAZONAS
AMAZONAS,010000,90585,EG.2021004187,2191,DEMOCRACIA DIRECTA,22726,INSCRITO,CHACHAPOYAS,2,2,1517,AMAZONAS
AMAZONAS,010000,90504,EG.2021004109,1366,FUERZA POPULAR,22584,INSCRITO,CHACHAPOYAS,2,2,1517,AMAZONAS
AMAZONAS,010000,90917,EG.2021004507,2160,"EL FRENTE AMPLIO POR JUSTICIA, VIDA Y LIBERTAD",23066,INSCRITO,CHACHAPOYAS,2,2,1517,AMAZONAS
AMAZONAS,010000,90927,EG.2021004517,2840,PARTIDO MORADO,23075,INSCRITO,CHACHAPOYAS,2,2,1517,AMAZONAS
AMAZONAS,010000,90953,EG.2021004543,179,PARTIDO NACIONALISTA PERUANO,22747,INSCRITO,CHACHAPOYAS,2,2,1517,AMAZONAS
AMAZONAS,010000,91097,EG.2021004686,15,PARTIDO POPULAR CRISTIANO - PPC,22863,INSCRITO,CHACHAPOYAS,2,2,1517,AMAZONAS
AMAZONAS,010000,91166,EG.2021004755,47,UNION POR EL PERU,23106,INSCRITO,CHACHAPOYAS,2,2,1517,AMAZONAS
AMAZONAS,010000,91001,EG.2021004590,21,VICTORIA NACIONAL,22815,INSCRITO,CHACHAPOYAS,2,2,1517,AMAZONAS
AMAZONAS,010000,90736,EG.2021004333,2731,PODEMOS PERU,22783,INSCRITO,CHACHAPOYAS,2,2,1517,AMAZONAS
AMAZONAS,010000,90857,EG.2021004447,2218,PARTIDO POLITICO NACIONAL PERU LIBRE,22731,INSCRITO,CHACHAPOYAS,2,2,1517,AMAZONAS
AMAZONAS,010000,90484,EG.2021004089,2646,FRENTE POPULAR AGRICOLA FIA DEL PERU - FREPAP,22547,INSCRITO,CHACHAPOYAS,3,2,1517,AMAZONAS
AMAZONAS,010000,91115,EG.2021004704,2857,PARTIDO FRENTE DE LA ESPERANZA 2021,23175,IMPROCEDENTE,CHACHAPOYAS,2,2,1517,AMAZONAS
AMAZONAS,010000,90908,EG.2021004498,14,PARTIDO DEMOCRATICO SOMOS PERU,23064,INSCRITO,CHACHAPOYAS,2,2,1517,AMAZONAS
AMAZONAS,010000,90851,EG.2021004441,22,RENOVACION POPULAR,22691,INSCRITO,CHACHAPOYAS,2,2,1517,AMAZONAS
AMAZONAS,010000,91054,EG.2021004643,4,ACCION POPULAR,23047,INSCRITO,CHACHAPOYAS,2,2,1517,AMAZONAS
AMAZONAS,010000,91086,EG.2021004675,5,RENACIMIENTO UNIDO NACIONAL,23008,INSCRITO,CHACHAPOYAS,2,2,1517,AMAZONAS
ANCASH,020000,90929,EG.2021004519,2218,PARTIDO POLITICO NACIONAL PERU LIBRE,22541,INSCRITO,HUARAZ,3,3,1528,ANCASH
ANCASH,020000,90819,EG.2021004409,4,ACCION POPULAR,22996,INSCRITO,HUARAZ,3,3,1528,ANCASH
ANCASH,020000,90627,EG.2021004225,14,PARTIDO DEMOCRATICO SOMOS PERU,22775,INSCRITO,HUARAZ,3,3,1528,ANCASH
ANCASH,020000,90739,EG.2021004336,47,UNION POR EL PERU,22524,INSCRITO,HUARAZ,3,3,1528,ANCASH
ANCASH,020000,91124,EG.2021004713,2840,PARTIDO MORADO,23132,INSCRITO,HUARAZ,3,3,1528,ANCASH
ANCASH,020000,91079,EG.2021004668,5,RENACIMIENTO UNIDO NACIONAL,23009,INSCRITO,HUARAZ,3,3,1528,ANCASH
ANCASH,020000,90524,EG.2021004129,2646,FRENTE POPULAR AGRICOLA FIA DEL PERU - FREPAP,22588,INSCRITO,HUARAZ,3,3,1528,ANCASH
ANCASH,020000,90503,EG.2021004108,1366,FUERZA POPULAR,22593,INSCRITO,HUARAZ,3,3,1528,ANCASH
ANCASH,020000,91089,EG.2021004678,2160,"EL FRENTE AMPLIO POR JUSTICIA, VIDA Y LIBERTAD",23154,INSCRITO,HUARAZ,3,3,1528,ANCASH
ANCASH,020000,91035,EG.2021004624,2731,PODEMOS PERU,22629,INSCRITO,HUARAZ,3,3,1528,ANCASH
ANCASH,020000,91155,EG.2021004744,22,RENOVACION POPULAR,22692,INSCRITO,HUARAZ,3,3,1528,ANCASH
ANCASH,020000,90630,EG.2021004228,2191,DEMOCRACIA DIRECTA,22790,INSCRITO,HUARAZ,3,3,1528,ANCASH
ANCASH,020000,90711,EG.2021004308,55,PERU PATRIA SEGURA,22913,INSCRITO,HUARAZ,3,3,1528,ANCASH
ANCASH,020000,90970,EG.2021004560,1257,ALIANZA PARA EL PROGRESO,22847,INSCRITO,HUARAZ,3,3,1528,ANCASH
ANCASH,020000,91000,EG.2021004589,179,PARTIDO NACIONALISTA PERUANO,22878,INSCRITO,HUARAZ,3,3,1528,ANCASH
ANCASH,020000,90954,EG.2021004544,21,VICTORIA NACIONAL,22817,INSCRITO,HUARAZ,3,3,1528,ANCASH
ANCASH,020000,90861,EG.2021004451,1264,JUNTOS POR EL PERU,22639,INSCRITO,HUARAZ,3,3,1528,ANCASH
ANCASH,020000,91043,EG.2021004632,15,PARTIDO POPULAR CRISTIANO - PPC,22661,IMPROCEDENTE,HUARAZ,3,3,1528,ANCASH
ANCASH,020000,90904,EG.2021004494,2173,AVANZA PAIS - PARTIDO DE INTEGRACION SOCIAL,23067,INSCRITO,HUARAZ,3,3,1528,ANCASH
APURIMAC,030000,91152,EG.2021004741,15,PARTIDO POPULAR CRISTIANO - PPC,23208,PERIODO DE TACHA,ABANCAY,2,2,1505,APURIMAC
APURIMAC,030000,90940,EG.2021004530,1257,ALIANZA PARA EL PROGRESO,22779,INSCRITO,ABANCAY,2,2,1505,APURIMAC
APURIMAC,030000,91032,EG.2021004621,2218,PARTIDO POLITICO NACIONAL PERU LIBRE,22730,INSCRITO,ABANCAY,2,2,1505,APURIMAC
APURIMAC,030000,90966,EG.2021004556,14,PARTIDO DEMOCRATICO SOMOS PERU,23099,INSCRITO,ABANCAY,2,2,1505,APURIMAC
APURIMAC,030000,91122,EG.2021004711,2173,AVANZA PAIS - PARTIDO DE INTEGRACION SOCIAL,23197,PERIODO DE TACHA,ABANCAY,2,2,1505,APURIMAC
APURIMAC,030000,90910,EG.2021004500,2731,PODEMOS PERU,23011,INSCRITO,ABANCAY,2,2,1505,APURIMAC
APURIMAC,030000,90911,EG.2021004501,22,RENOVACION POPULAR,22693,INSCRITO,ABANCAY,2,2,1505,APURIMAC
APURIMAC,030000,90595,EG.2021004195,2646,FRENTE POPULAR AGRICOLA FIA DEL PERU - FREPAP,22552,INSCRITO,ABANCAY,2,2,1505,APURIMAC
APURIMAC,030000,91078,EG.2021004667,5,RENACIMIENTO UNIDO NACIONAL,23010,INSCRITO,ABANCAY,2,2,1505,APURIMAC
APURIMAC,030000,90936,EG.2021004526,47,UNION POR EL PERU,23089,INSCRITO,ABANCAY,2,2,1505,APURIMAC
APURIMAC,030000,90886,EG.2021004476,1264,JUNTOS POR EL PERU,22983,PERIODO DE TACHA,ABANCAY,2,2,1505,APURIMAC
APURIMAC,030000,90888,EG.2021004478,55,PERU PATRIA SEGURA,23043,INSCRITO,ABANCAY,2,2,1505,APURIMAC
APURIMAC,030000,91130,EG.2021004719,2160,"EL FRENTE AMPLIO POR JUSTICIA, VIDA Y LIBERTAD",23109,INSCRITO,ABANCAY,2,2,1505,APURIMAC
APURIMAC,030000,90990,EG.2021004580,21,VICTORIA NACIONAL,22824,INSCRITO,ABANCAY,2,2,1505,APURIMAC
APURIMAC,030000,91031,EG.2021004620,2840,PARTIDO MORADO,23125,INSCRITO,ABANCAY,2,2,1505,APURIMAC
APURIMAC,030000,91088,EG.2021004677,4,ACCION POPULAR,23087,PERIODO DE TACHA,ABANCAY,2,2,1505,APURIMAC
APURIMAC,030000,90845,EG.2021004435,179,PARTIDO NACIONALISTA PERUANO,22640,INSCRITO,ABANCAY,2,2,1505,APURIMAC
APURIMAC,030000,90780,EG.2021004375,2191,DEMOCRACIA DIRECTA,22949,INSCRITO,ABANCAY,2,2,1505,APURIMAC
APURIMAC,030000,90512,EG.2021004117,1366,FUERZA POPULAR,22594,INSCRITO,ABANCAY,2,2,1505,APURIMAC
AREQUIPA,040000,90898,EG.2021004488,15,PARTIDO POPULAR CRISTIANO - PPC,22654,INSCRITO,AREQUIPA 1,3,3,1508,AREQUIPA
AREQUIPA,040000,90747,EG.2021004342,47,UNION POR EL PERU,22866,INSCRITO,AREQUIPA 1,3,3,1508,AREQUIPA
AREQUIPA,040000,90463,EG.2021004068,2731,PODEMOS PERU,22510,INSCRITO,AREQUIPA 1,3,3,1508,AREQUIPA
AREQUIPA,040000,90920,EG.2021004510,55,PERU PATRIA SEGURA,22798,INSCRITO,AREQUIPA 1,3,3,1508,AREQUIPA
AREQUIPA,040000,90939,EG.2021004529,4,ACCION POPULAR,23082,IMPROCEDENTE,AREQUIPA 1,3,3,1508,AREQUIPA
AREQUIPA,040000,90648,EG.2021004246,2191,DEMOCRACIA DIRECTA,22766,INSCRITO,AREQUIPA 1,3,3,1508,AREQUIPA
AREQUIPA,040000,90922,EG.2021004512,179,PARTIDO NACIONALISTA PERUANO,22800,INSCRITO,AREQUIPA 1,3,3,1508,AREQUIPA
AREQUIPA,040000,90816,EG.2021004406,2160,"EL FRENTE AMPLIO POR JUSTICIA, VIDA Y LIBERTAD",22952,INSCRITO,AREQUIPA 1,3,3,1508,AREQUIPA
AREQUIPA,040000,91162,EG.2021004751,32,PARTIDO APRISTA PERUANO,23110,INSCRITO,AREQUIPA 1,3,3,1508,AREQUIPA
AREQUIPA,040000,90693,EG.2021004291,14,PARTIDO DEMOCRATICO SOMOS PERU,22908,INSCRITO,AREQUIPA 1,3,3,1508,AREQUIPA
AREQUIPA,040000,91082,EG.2021004671,5,RENACIMIENTO UNIDO NACIONAL,23012,INSCRITO,AREQUIPA 1,3,3,1508,AREQUIPA
AREQUIPA,040000,90570,EG.2021004174,2646,FRENTE POPULAR AGRICOLA FIA DEL PERU - FREPAP,22553,INSCRITO,AREQUIPA 1,3,3,1508,AREQUIPA
AREQUIPA,040000,90507,EG.2021004112,1366,FUERZA POPULAR,22595,INSCRITO,AREQUIPA 1,3,3,1508,AREQUIPA
AREQUIPA,040000,90750,EG.2021004345,22,RENOVACION POPULAR,22694,INSCRITO,AREQUIPA 1,3,3,1508,AREQUIPA
AREQUIPA,040000,90949,EG.2021004539,1257,ALIANZA PARA EL PROGRESO,22849,INSCRITO,AREQUIPA 1,3,3,1508,AREQUIPA
AREQUIPA,040000,90756,EG.2021004351,1264,JUNTOS POR EL PERU,22636,INSCRITO,AREQUIPA 1,3,3,1508,AREQUIPA
AREQUIPA,040000,91133,EG.2021004722,21,VICTORIA NACIONAL,22819,INSCRITO,AREQUIPA 1,3,3,1508,AREQUIPA
AREQUIPA,040000,90836,EG.2021004426,2840,PARTIDO MORADO,22989,INSCRITO,AREQUIPA 1,3,3,1508,AREQUIPA
AREQUIPA,040000,90762,EG.2021004357,2173,AVANZA PAIS - PARTIDO DE INTEGRACION SOCIAL,22926,INSCRITO,AREQUIPA 1,3,3,1508,AREQUIPA
AREQUIPA,040000,90840,EG.2021004430,2218,PARTIDO POLITICO NACIONAL PERU LIBRE,22772,INSCRITO,AREQUIPA 1,3,3,1508,AREQUIPA
AYACUCHO,050000,90842,EG.2021004432,2218,PARTIDO POLITICO NACIONAL PERU LIBRE,22733,INSCRITO,HUAMANGA,2,2,1524,AYACUCHO
AYACUCHO,050000,90466,EG.2021004071,2731,PODEMOS PERU,22571,INSCRITO,HUAMANGA,2,2,1524,AYACUCHO
AYACUCHO,050000,90509,EG.2021004114,1366,FUERZA POPULAR,22596,INSCRITO,HUAMANGA,2,2,1524,AYACUCHO
AYACUCHO,050000,90754,EG.2021004349,1264,JUNTOS POR EL PERU,22655,INSCRITO,HUAMANGA,2,2,1524,AYACUCHO
AYACUCHO,050000,91098,EG.2021004687,15,PARTIDO POPULAR CRISTIANO - PPC,22748,INSCRITO,HUAMANGA,2,2,1524,AYACUCHO
AYACUCHO,050000,91120,EG.2021004709,47,UNION POR EL PERU,23097,IMPROCEDENTE,HUAMANGA,2,2,1524,AYACUCHO
AYACUCHO,050000,90944,EG.2021004534,4,ACCION POPULAR,23006,INSCRITO,HUAMANGA,2,2,1524,AYACUCHO
AYACUCHO,050000,91050,EG.2021004639,21,VICTORIA NACIONAL,23152,INSCRITO,HUAMANGA,2,2,1524,AYACUCHO
AYACUCHO,050000,91039,EG.2021004628,2160,"EL FRENTE AMPLIO POR JUSTICIA, VIDA Y LIBERTAD",22729,INSCRITO,HUAMANGA,2,2,1524,AYACUCHO
AYACUCHO,050000,91091,EG.2021004680,5,RENACIMIENTO UNIDO NACIONAL,23013,INSCRITO,HUAMANGA,2,2,1524,AYACUCHO
AYACUCHO,050000,90878,EG.2021004468,22,RENOVACION POPULAR,22696,INSCRITO,HUAMANGA,2,2,1524,AYACUCHO
AYACUCHO,050000,90609,EG.2021004208,2646,FRENTE POPULAR AGRICOLA FIA DEL PERU - FREPAP,22554,INSCRITO,HUAMANGA,2,2,1524,AYACUCHO
AYACUCHO,050000,91048,EG.2021004637,179,PARTIDO NACIONALISTA PERUANO,22902,INSCRITO,HUAMANGA,2,2,1524,AYACUCHO
AYACUCHO,050000,90734,EG.2021004331,14,PARTIDO DEMOCRATICO SOMOS PERU,22924,INSCRITO,HUAMANGA,2,2,1524,AYACUCHO
AYACUCHO,050000,90844,EG.2021004434,2840,PARTIDO MORADO,22885,INSCRITO,HUAMANGA,2,2,1524,AYACUCHO
AYACUCHO,050000,90956,EG.2021004546,1257,ALIANZA PARA EL PROGRESO,22851,INSCRITO,HUAMANGA,2,2,1524,AYACUCHO
AYACUCHO,050000,91057,EG.2021004646,2191,DEMOCRACIA DIRECTA,23137,IMPROCEDENTE,HUAMANGA,2,2,1524,AYACUCHO
CAJAMARCA,060000,90923,EG.2021004513,22,RENOVACION POPULAR,22697,INSCRITO,CAJAMARCA,3,3,1511,CAJAMARCA
CAJAMARCA,060000,90619,EG.2021004217,2191,DEMOCRACIA DIRECTA,22746,INSCRITO,CAJAMARCA,3,3,1511,CAJAMARCA
CAJAMARCA,060000,90993,EG.2021004583,15,PARTIDO POPULAR CRISTIANO - PPC,22652,PERIODO DE TACHA,CAJAMARCA,3,3,1511,CAJAMARCA
CAJAMARCA,060000,90864,EG.2021004454,4,ACCION POPULAR,22749,INSCRITO,CAJAMARCA,3,3,1511,CAJAMARCA
CAJAMARCA,060000,91109,EG.2021004698,1257,ALIANZA PARA EL PROGRESO,22974,ADMITIDO,CAJAMARCA,3,3,1511,CAJAMARCA
CAJAMARCA,060000,90981,EG.2021004571,179,PARTIDO NACIONALISTA PERUANO,22883,INSCRITO,CAJAMARCA,3,3,1511,CAJAMARCA
CAJAMARCA,060000,90569,EG.2021004173,1366,FUERZA POPULAR,22597,ADMITIDO,CAJAMARCA,3,3,1511,CAJAMARCA
CAJAMARCA,060000,91114,EG.2021004703,5,RENACIMIENTO UNIDO NACIONAL,23014,INSCRITO,CAJAMARCA,3,3,1511,CAJAMARCA
CAJAMARCA,060000,90870,EG.2021004460,21,VICTORIA NACIONAL,22826,INSCRITO,CAJAMARCA,3,3,1511,CAJAMARCA
CAJAMARCA,060000,90782,EG.2021004376,14,PARTIDO DEMOCRATICO SOMOS PERU,22868,ADMITIDO,CAJAMARCA,3,3,1511,CAJAMARCA
CAJAMARCA,060000,90847,EG.2021004437,1264,JUNTOS POR EL PERU,22741,INSCRITO,CAJAMARCA,3,3,1511,CAJAMARCA
CAJAMARCA,060000,91119,EG.2021004708,2173,AVANZA PAIS - PARTIDO DE INTEGRACION SOCIAL,23178,PERIODO DE TACHA,CAJAMARCA,3,3,1511,CAJAMARCA
CAJAMARCA,060000,90915,EG.2021004505,2731,PODEMOS PERU,22968,ADMITIDO,CAJAMARCA,3,3,1511,CAJAMARCA
CAJAMARCA,060000,90634,EG.2021004232,2218,PARTIDO POLITICO NACIONAL PERU LIBRE,22727,INSCRITO,CAJAMARCA,3,3,1511,CAJAMARCA
CAJAMARCA,060000,90709,EG.2021004306,2840,PARTIDO MORADO,22862,INSCRITO,CAJAMARCA,3,3,1511,CAJAMARCA
CAJAMARCA,060000,90646,EG.2021004244,2646,FRENTE POPULAR AGRICOLA FIA DEL PERU - FREPAP,22768,INSCRITO,CAJAMARCA,3,3,1511,CAJAMARCA
CAJAMARCA,060000,90850,EG.2021004440,2160,"EL FRENTE AMPLIO POR JUSTICIA, VIDA Y LIBERTAD",22795,INSCRITO,CAJAMARCA,3,3,1511,CAJAMARCA
CALLAO,240000,90999,EG.2021004588,1257,ALIANZA PARA EL PROGRESO,22977,INSCRITO,CALLAO,2,2,1512,CALLAO
CALLAO,240000,91056,EG.2021004645,21,VICTORIA NACIONAL,23157,INSCRITO,CALLAO,2,2,1512,CALLAO
CALLAO,240000,90874,EG.2021004464,2191,DEMOCRACIA DIRECTA,22978,INSCRITO,CALLAO,2,2,1512,CALLAO
CALLAO,240000,90880,EG.2021004470,47,UNION POR EL PERU,22767,INSCRITO,CALLAO,2,2,1512,CALLAO
CALLAO,240000,90712,EG.2021004309,14,PARTIDO DEMOCRATICO SOMOS PERU,22778,INSCRITO,CALLAO,2,2,1512,CALLAO
CALLAO,240000,90862,EG.2021004452,15,PARTIDO POPULAR CRISTIANO - PPC,22656,INSCRITO,CALLAO,2,2,1512,CALLAO
CALLAO,240000,90783,EG.2021004377,22,RENOVACION POPULAR,22698,INSCRITO,CALLAO,2,2,1512,CALLAO
CALLAO,240000,91046,EG.2021004635,2160,"EL FRENTE AMPLIO POR JUSTICIA, VIDA Y LIBERTAD",23148,INSCRITO,CALLAO,2,2,1512,CALLAO
CALLAO,240000,90876,EG.2021004466,2218,PARTIDO POLITICO NACIONAL PERU LIBRE,22905,INSCRITO,CALLAO,2,2,1512,CALLAO
CALLAO,240000,91087,EG.2021004676,5,RENACIMIENTO UNIDO NACIONAL,23018,INSCRITO,CALLAO,2,2,1512,CALLAO
CALLAO,240000,90488,EG.2021004093,2646,FRENTE POPULAR AGRICOLA FIA DEL PERU - FREPAP,22556,INSCRITO,CALLAO,2,2,1512,CALLAO
CALLAO,240000,90969,EG.2021004559,2731,PODEMOS PERU,22680,INSCRITO,CALLAO,2,2,1512,CALLAO
CALLAO,240000,90716,EG.2021004313,2840,PARTIDO MORADO,22880,INSCRITO,CALLAO,2,2,1512,CALLAO
CALLAO,240000,90516,EG.2021004121,1366,FUERZA POPULAR,22598,INSCRITO,CALLAO,2,2,1512,CALLAO
CALLAO,240000,90788,EG.2021004382,179,PARTIDO NACIONALISTA PERUANO,22606,INSCRITO,CALLAO,2,2,1512,CALLAO
CALLAO,240000,90715,EG.2021004312,55,PERU PATRIA SEGURA,22685,INSCRITO,CALLAO,2,2,1512,CALLAO
CALLAO,240000,91041,EG.2021004630,2173,AVANZA PAIS - PARTIDO DE INTEGRACION SOCIAL,23100,INSCRITO,CALLAO,2,2,1512,CALLAO
CALLAO,240000,90868,EG.2021004458,1264,JUNTOS POR EL PERU,22736,INSCRITO,CALLAO,2,2,1512,CALLAO
CALLAO,240000,90713,EG.2021004310,4,ACCION POPULAR,22686,INSCRITO,CALLAO,2,2,1512,CALLAO
CUSCO,070000,91140,EG.2021004729,2160,"EL FRENTE AMPLIO POR JUSTICIA, VIDA Y LIBERTAD",23206,INSCRITO,CUSCO,3,3,1522,CUSCO
CUSCO,070000,90664,EG.2021004262,2646,FRENTE POPULAR AGRICOLA FIA DEL PERU - FREPAP,22585,INSCRITO,CUSCO,3,3,1522,CUSCO
CUSCO,070000,90721,EG.2021004318,1264,JUNTOS POR EL PERU,22632,INSCRITO,CUSCO,3,3,1522,CUSCO
CUSCO,070000,90998,EG.2021004587,2840,PARTIDO MORADO,23113,INSCRITO,CUSCO,3,3,1522,CUSCO
CUSCO,070000,91107,EG.2021004696,2731,PODEMOS PERU,23150,INSCRITO,CUSCO,3,3,1522,CUSCO
CUSCO,070000,90777,EG.2021004372,55,PERU PATRIA SEGURA,22967,INSCRITO,CUSCO,3,3,1522,CUSCO
CUSCO,070000,90834,EG.2021004424,47,UNION POR EL PERU,22804,INSCRITO,CUSCO,3,3,1522,CUSCO
CUSCO,070000,91081,EG.2021004670,14,PARTIDO DEMOCRATICO SOMOS PERU,23156,INSCRITO,CUSCO,3,3,1522,CUSCO
CUSCO,070000,91125,EG.2021004714,5,RENACIMIENTO UNIDO NACIONAL,23019,INSCRITO,CUSCO,3,3,1522,CUSCO
CUSCO,070000,90948,EG.2021004538,1257,ALIANZA PARA EL PROGRESO,22853,INSCRITO,CUSCO,3,3,1522,CUSCO
CUSCO,070000,91067,EG.2021004656,4,ACCION POPULAR,23162,INSCRITO,CUSCO,3,3,1522,CUSCO
CUSCO,070000,90891,EG.2021004481,179,PARTIDO NACIONALISTA PERUANO,22799,INSCRITO,CUSCO,3,3,1522,CUSCO
CUSCO,070000,91135,EG.2021004724,21,VICTORIA NACIONAL,23161,INSCRITO,CUSCO,3,3,1522,CUSCO
CUSCO,070000,91134,EG.2021004723,15,PARTIDO POPULAR CRISTIANO - PPC,23204,INSCRITO,CUSCO,3,3,1522,CUSCO
CUSCO,070000,90975,EG.2021004565,22,RENOVACION POPULAR,22699,INSCRITO,CUSCO,3,3,1522,CUSCO
CUSCO,070000,90536,EG.2021004140,1366,FUERZA POPULAR,22599,INSCRITO,CUSCO,3,3,1522,CUSCO
CUSCO,070000,91128,EG.2021004717,2173,AVANZA PAIS - PARTIDO DE INTEGRACION SOCIAL,23184,INSCRITO,CUSCO,3,3,1522,CUSCO
CUSCO,070000,90672,EG.2021004270,2218,PARTIDO POLITICO NACIONAL PERU LIBRE,22732,INSCRITO,CUSCO,3,3,1522,CUSCO
CUSCO,070000,90670,EG.2021004268,2191,DEMOCRACIA DIRECTA,22773,INSCRITO,CUSCO,3,3,1522,CUSCO
HUANCAVELICA,080000,90974,EG.2021004564,47,UNION POR EL PERU,22871,INSCRITO,HUANCAVELICA,2,2,1525,HUANCAVELICA
HUANCAVELICA,080000,90714,EG.2021004311,22,RENOVACION POPULAR,22700,INSCRITO,HUANCAVELICA,2,2,1525,HUANCAVELICA
HUANCAVELICA,080000,90685,EG.2021004283,2840,PARTIDO MORADO,22879,INSCRITO,HUANCAVELICA,2,2,1525,HUANCAVELICA
HUANCAVELICA,080000,91146,EG.2021004735,2173,AVANZA PAIS - PARTIDO DE INTEGRACION SOCIAL,23205,INSCRITO,HUANCAVELICA,2,2,1525,HUANCAVELICA
HUANCAVELICA,080000,90931,EG.2021004521,2160,"EL FRENTE AMPLIO POR JUSTICIA, VIDA Y LIBERTAD",22928,INSCRITO,HUANCAVELICA,2,2,1525,HUANCAVELICA
HUANCAVELICA,080000,90519,EG.2021004124,1366,FUERZA POPULAR,22600,INSCRITO,HUANCAVELICA,2,2,1525,HUANCAVELICA
HUANCAVELICA,080000,91112,EG.2021004701,15,PARTIDO POPULAR CRISTIANO - PPC,23168,APELACIÓN,HUANCAVELICA,2,2,1525,HUANCAVELICA
HUANCAVELICA,080000,91151,EG.2021004740,5,RENACIMIENTO UNIDO NACIONAL,23020,INSCRITO,HUANCAVELICA,2,2,1525,HUANCAVELICA
HUANCAVELICA,080000,90980,EG.2021004570,179,PARTIDO NACIONALISTA PERUANO,22901,INSCRITO,HUANCAVELICA,2,2,1525,HUANCAVELICA
HUANCAVELICA,080000,91085,EG.2021004674,1257,ALIANZA PARA EL PROGRESO,22784,INSCRITO,HUANCAVELICA,2,2,1525,HUANCAVELICA
HUANCAVELICA,080000,90774,EG.2021004369,1264,JUNTOS POR EL PERU,22630,INSCRITO,HUANCAVELICA,2,2,1525,HUANCAVELICA
HUANCAVELICA,080000,90938,EG.2021004528,14,PARTIDO DEMOCRATICO SOMOS PERU,23084,INSCRITO,HUANCAVELICA,2,2,1525,HUANCAVELICA
HUANCAVELICA,080000,90520,EG.2021004125,4,ACCION POPULAR,22576,INSCRITO,HUANCAVELICA,2,2,1525,HUANCAVELICA
HUANCAVELICA,080000,90843,EG.2021004433,2218,PARTIDO POLITICO NACIONAL PERU LIBRE,22966,INSCRITO,HUANCAVELICA,2,2,1525,HUANCAVELICA
HUANCAVELICA,080000,91062,EG.2021004651,21,VICTORIA NACIONAL,22828,INSCRITO,HUANCAVELICA,2,2,1525,HUANCAVELICA
HUANCAVELICA,080000,90961,EG.2021004551,2731,PODEMOS PERU,23033,INSCRITO,HUANCAVELICA,2,2,1525,HUANCAVELICA
HUANCAVELICA,080000,90669,EG.2021004267,2646,FRENTE POPULAR AGRICOLA FIA DEL PERU - FREPAP,22560,INSCRITO,HUANCAVELICA,2,2,1525,HUANCAVELICA
HUANCAVELICA,080000,90663,EG.2021004261,2191,DEMOCRACIA DIRECTA,22793,INSCRITO,HUANCAVELICA,2,2,1525,HUANCAVELICA
HUANUCO,090000,90959,EG.2021004549,179,PARTIDO NACIONALISTA PERUANO,22887,INSCRITO,HUANUCO,2,2,1527,HUANUCO
HUANUCO,090000,90660,EG.2021004258,4,ACCION POPULAR,22752,INSCRITO,HUANUCO,2,2,1527,HUANUCO
HUANUCO,090000,91106,EG.2021004695,5,RENACIMIENTO UNIDO NACIONAL,23021,INSCRITO,HUANUCO,2,2,1527,HUANUCO
HUANUCO,090000,90903,EG.2021004493,2160,"EL FRENTE AMPLIO POR JUSTICIA, VIDA Y LIBERTAD",23030,INSCRITO,HUANUCO,2,2,1527,HUANUCO
HUANUCO,090000,90784,EG.2021004378,47,UNION POR EL PERU,22688,INSCRITO,HUANUCO,2,2,1527,HUANUCO
HUANUCO,090000,91169,EG.2021004758,21,VICTORIA NACIONAL,23180,ADMITIDO,HUANUCO,2,2,1527,HUANUCO
HUANUCO,090000,91018,EG.2021004607,1257,ALIANZA PARA EL PROGRESO,22787,INSCRITO,HUANUCO,2,2,1527,HUANUCO
HUANUCO,090000,90965,EG.2021004555,22,RENOVACION POPULAR,22701,INSCRITO,HUANUCO,2,2,1527,HUANUCO
HUANUCO,090000,90545,EG.2021004149,2731,PODEMOS PERU,22577,INSCRITO,HUANUCO,2,2,1527,HUANUCO
HUANUCO,090000,90817,EG.2021004407,2840,PARTIDO MORADO,22954,INSCRITO,HUANUCO,2,2,1527,HUANUCO
HUANUCO,090000,90518,EG.2021004123,1366,FUERZA POPULAR,22601,INSCRITO,HUANUCO,2,2,1527,HUANUCO
HUANUCO,090000,90656,EG.2021004254,14,PARTIDO DEMOCRATICO SOMOS PERU,22789,PERIODO DE TACHA,HUANUCO,2,2,1527,HUANUCO
HUANUCO,090000,90661,EG.2021004259,2646,FRENTE POPULAR AGRICOLA FIA DEL PERU - FREPAP,22557,INSCRITO,HUANUCO,2,2,1527,HUANUCO
HUANUCO,090000,91121,EG.2021004710,15,PARTIDO POPULAR CRISTIANO - PPC,23172,INSCRITO,HUANUCO,2,2,1527,HUANUCO
HUANUCO,090000,90813,EG.2021004404,2191,DEMOCRACIA DIRECTA,22957,INSCRITO,HUANUCO,2,2,1527,HUANUCO
HUANUCO,090000,90767,EG.2021004362,2218,PARTIDO POLITICO NACIONAL PERU LIBRE,22805,INSCRITO,HUANUCO,2,2,1527,HUANUCO
HUANUCO,090000,90718,EG.2021004315,1264,JUNTOS POR EL PERU,22635,INSCRITO,HUANUCO,2,2,1527,HUANUCO
ICA,100000,90742,EG.2021004339,4,ACCION POPULAR,22923,INSCRITO,ICA,2,2,1532,ICA
ICA,100000,90995,EG.2021004584,1257,ALIANZA PARA EL PROGRESO,22854,INSCRITO,ICA,2,2,1532,ICA
ICA,100000,90871,EG.2021004461,15,PARTIDO POPULAR CRISTIANO - PPC,22818,APELACIÓN,ICA,2,2,1532,ICA
ICA,100000,90955,EG.2021004545,21,VICTORIA NACIONAL,22829,INSCRITO,ICA,2,2,1532,ICA
ICA,100000,90677,EG.2021004275,2191,DEMOCRACIA DIRECTA,22781,INSCRITO,ICA,2,2,1532,ICA
ICA,100000,91110,EG.2021004699,5,RENACIMIENTO UNIDO NACIONAL,23026,APELACIÓN,ICA,2,2,1532,ICA
ICA,100000,90768,EG.2021004363,1264,JUNTOS POR EL PERU,22812,APELACIÓN,ICA,2,2,1532,ICA
ICA,100000,90682,EG.2021004280,2173,AVANZA PAIS - PARTIDO DE INTEGRACION SOCIAL,22803,INSCRITO,ICA,2,2,1532,ICA
ICA,100000,90866,EG.2021004456,2218,PARTIDO POLITICO NACIONAL PERU LIBRE,22963,INSCRITO,ICA,2,2,1532,ICA
ICA,100000,90879,EG.2021004469,179,PARTIDO NACIONALISTA PERUANO,22592,APELACIÓN,ICA,2,2,1532,ICA
ICA,100000,90902,EG.2021004492,2840,PARTIDO MORADO,23036,INSCRITO,ICA,2,2,1532,ICA
ICA,100000,90919,EG.2021004509,47,UNION POR EL PERU,22940,INSCRITO,ICA,2,2,1532,ICA
ICA,100000,91084,EG.2021004673,2160,"EL FRENTE AMPLIO POR JUSTICIA, VIDA Y LIBERTAD",23165,INSCRITO,ICA,2,2,1532,ICA
ICA,100000,90916,EG.2021004506,22,RENOVACION POPULAR,22702,APELACIÓN,ICA,2,2,1532,ICA
ICA,100000,90553,EG.2021004157,2646,FRENTE POPULAR AGRICOLA FIA DEL PERU - FREPAP,22532,INSCRITO,ICA,2,2,1532,ICA
ICA,100000,90552,EG.2021004156,1366,FUERZA POPULAR,22602,INSCRITO,ICA,2,2,1532,ICA
ICA,100000,90674,EG.2021004272,14,PARTIDO DEMOCRATICO SOMOS PERU,22757,INSCRITO,ICA,2,2,1532,ICA
ICA,100000,90925,EG.2021004515,55,PERU PATRIA SEGURA,23090,IMPROCEDENTE,ICA,2,2,1532,ICA
ICA,100000,90347,EG.2021003955,2731,PODEMOS PERU,22536,INSCRITO,ICA,2,2,1532,ICA
JUNIN,110000,90831,EG.2021004421,21,VICTORIA NACIONAL,22830,INSCRITO,HUANCAYO,3,3,1526,JUNIN
JUNIN,110000,90719,EG.2021004316,2191,DEMOCRACIA DIRECTA,22910,INSCRITO,HUANCAYO,3,3,1526,JUNIN
JUNIN,110000,90793,EG.2021004387,47,UNION POR EL PERU,22872,INSCRITO,HUANCAYO,3,3,1526,JUNIN
JUNIN,110000,90873,EG.2021004463,15,PARTIDO POPULAR CRISTIANO - PPC,22659,INSCRITO,HUANCAYO,3,3,1526,JUNIN
JUNIN,110000,90973,EG.2021004563,4,ACCION POPULAR,22675,INSCRITO,HUANCAYO,3,3,1526,JUNIN
JUNIN,110000,91042,EG.2021004631,1257,ALIANZA PARA EL PROGRESO,22914,APELACIÓN,HUANCAYO,3,3,1526,JUNIN
JUNIN,110000,91132,EG.2021004721,5,RENACIMIENTO UNIDO NACIONAL,23027,INSCRITO,HUANCAYO,3,3,1526,JUNIN
JUNIN,110000,90522,EG.2021004127,1366,FUERZA POPULAR,22603,INSCRITO,HUANCAYO,3,3,1526,JUNIN
JUNIN,110000,91049,EG.2021004638,2160,"EL FRENTE AMPLIO POR JUSTICIA, VIDA Y LIBERTAD",23151,INSCRITO,HUANCAYO,3,3,1526,JUNIN
JUNIN,110000,90941,EG.2021004531,2218,PARTIDO POLITICO NACIONAL PERU LIBRE,22508,INSCRITO,HUANCAYO,3,3,1526,JUNIN
JUNIN,110000,90846,EG.2021004436,14,PARTIDO DEMOCRATICO SOMOS PERU,23000,INSCRITO,HUANCAYO,3,3,1526,JUNIN
JUNIN,110000,90947,EG.2021004537,2731,PODEMOS PERU,22743,INSCRITO,HUANCAYO,3,3,1526,JUNIN
JUNIN,110000,91165,EG.2021004754,32,PARTIDO APRISTA PERUANO,23136,APELACIÓN,HUANCAYO,3,3,1526,JUNIN
JUNIN,110000,90416,EG.2021004021,2646,FRENTE POPULAR AGRICOLA FIA DEL PERU - FREPAP,22543,INSCRITO,HUANCAYO,3,3,1526,JUNIN
JUNIN,110000,91024,EG.2021004613,2840,PARTIDO MORADO,23050,INSCRITO,HUANCAYO,3,3,1526,JUNIN
JUNIN,110000,90804,EG.2021004396,2173,AVANZA PAIS - PARTIDO DE INTEGRACION SOCIAL,22980,INSCRITO,HUANCAYO,3,3,1526,JUNIN
JUNIN,110000,90957,EG.2021004547,179,PARTIDO NACIONALISTA PERUANO,22860,INSCRITO,HUANCAYO,3,3,1526,JUNIN
JUNIN,110000,90722,EG.2021004319,22,RENOVACION POPULAR,22707,INSCRITO,HUANCAYO,3,3,1526,JUNIN
JUNIN,110000,90799,EG.2021004393,1264,JUNTOS POR EL PERU,22648,INSCRITO,HUANCAYO,3,3,1526,JUNIN
LA LIBERTAD,120000,90744,EG.2021004341,14,PARTIDO DEMOCRATICO SOMOS PERU,22931,INSCRITO,TRUJILLO,4,4,1563,LA LIBERTAD
LA LIBERTAD,120000,90686,EG.2021004284,2191,DEMOCRACIA DIRECTA,22801,INSCRITO,TRUJILLO,4,4,1563,LA LIBERTAD
LA LIBERTAD,120000,90828,EG.2021004418,47,UNION POR EL PERU,22945,INSCRITO,TRUJILLO,4,4,1563,LA LIBERTAD
LA LIBERTAD,120000,90517,EG.2021004122,4,ACCION POPULAR,22631,INSCRITO,TRUJILLO,4,4,1563,LA LIBERTAD
LA LIBERTAD,120000,91131,EG.2021004720,15,PARTIDO POPULAR CRISTIANO - PPC,22864,INSCRITO,TRUJILLO,4,4,1563,LA LIBERTAD
LA LIBERTAD,120000,90976,EG.2021004566,21,VICTORIA NACIONAL,22831,INSCRITO,TRUJILLO,4,4,1563,LA LIBERTAD
LA LIBERTAD,120000,90942,EG.2021004532,179,PARTIDO NACIONALISTA PERUANO,22888,INSCRITO,TRUJILLO,4,4,1563,LA LIBERTAD
LA LIBERTAD,120000,90937,EG.2021004527,2173,AVANZA PAIS - PARTIDO DE INTEGRACION SOCIAL,23088,INSCRITO,TRUJILLO,4,4,1563,LA LIBERTAD
LA LIBERTAD,120000,90675,EG.2021004273,22,RENOVACION POPULAR,22708,INSCRITO,TRUJILLO,4,4,1563,LA LIBERTAD
LA LIBERTAD,120000,90918,EG.2021004508,2218,PARTIDO POLITICO NACIONAL PERU LIBRE,23002,INSCRITO,TRUJILLO,4,4,1563,LA LIBERTAD
LA LIBERTAD,120000,90951,EG.2021004541,2731,PODEMOS PERU,23091,INSCRITO,TRUJILLO,4,4,1563,LA LIBERTAD
LA LIBERTAD,120000,90979,EG.2021004569,55,PERU PATRIA SEGURA,23118,INSCRITO,TRUJILLO,4,4,1563,LA LIBERTAD
LA LIBERTAD,120000,91094,EG.2021004683,5,RENACIMIENTO UNIDO NACIONAL,23028,INSCRITO,TRUJILLO,4,4,1563,LA LIBERTAD
LA LIBERTAD,120000,90881,EG.2021004471,1264,JUNTOS POR EL PERU,22852,INSCRITO,TRUJILLO,4,4,1563,LA LIBERTAD
LA LIBERTAD,120000,90390,EG.2021003995,2646,FRENTE POPULAR AGRICOLA FIA DEL PERU - FREPAP,22542,INSCRITO,TRUJILLO,5,5,1563,LA LIBERTAD
LA LIBERTAD,120000,90537,EG.2021004141,1366,FUERZA POPULAR,22605,INSCRITO,TRUJILLO,4,4,1563,LA LIBERTAD
LA LIBERTAD,120000,91019,EG.2021004608,1257,ALIANZA PARA EL PROGRESO,22788,INSCRITO,TRUJILLO,4,4,1563,LA LIBERTAD
LA LIBERTAD,120000,90792,EG.2021004386,2840,PARTIDO MORADO,22971,INSCRITO,TRUJILLO,4,4,1563,LA LIBERTAD
LA LIBERTAD,120000,91002,EG.2021004591,2160,"EL FRENTE AMPLIO POR JUSTICIA, VIDA Y LIBERTAD",22959,INSCRITO,TRUJILLO,4,4,1563,LA LIBERTAD
LAMBAYEQUE,130000,90892,EG.2021004482,47,UNION POR EL PERU,22873,APELACIÓN,CHICLAYO,3,3,1519,LAMBAYEQUE
LAMBAYEQUE,130000,90899,EG.2021004489,55,PERU PATRIA SEGURA,23069,INSCRITO,CHICLAYO,3,3,1519,LAMBAYEQUE
LAMBAYEQUE,130000,90967,EG.2021004557,15,PARTIDO POPULAR CRISTIANO - PPC,22906,INSCRITO,CHICLAYO,3,3,1519,LAMBAYEQUE
LAMBAYEQUE,130000,90856,EG.2021004446,179,PARTIDO NACIONALISTA PERUANO,22889,INSCRITO,CHICLAYO,3,3,1519,LAMBAYEQUE
LAMBAYEQUE,130000,91047,EG.2021004636,2840,PARTIDO MORADO,23135,INSCRITO,CHICLAYO,3,3,1519,LAMBAYEQUE
LAMBAYEQUE,130000,90541,EG.2021004145,1366,FUERZA POPULAR,22607,INSCRITO,CHICLAYO,3,3,1519,LAMBAYEQUE
LAMBAYEQUE,130000,91003,EG.2021004592,1257,ALIANZA PARA EL PROGRESO,22855,INSCRITO,CHICLAYO,3,3,1519,LAMBAYEQUE
LAMBAYEQUE,130000,90859,EG.2021004449,2173,AVANZA PAIS - PARTIDO DE INTEGRACION SOCIAL,22999,INSCRITO,CHICLAYO,3,3,1519,LAMBAYEQUE
LAMBAYEQUE,130000,90733,EG.2021004330,1264,JUNTOS POR EL PERU,22645,INSCRITO,CHICLAYO,3,3,1519,LAMBAYEQUE
LAMBAYEQUE,130000,90666,EG.2021004264,2731,PODEMOS PERU,22582,INSCRITO,CHICLAYO,3,3,1519,LAMBAYEQUE
LAMBAYEQUE,130000,90800,EG.2021004394,2218,PARTIDO POLITICO NACIONAL PERU LIBRE,22776,INSCRITO,CHICLAYO,3,3,1519,LAMBAYEQUE
LAMBAYEQUE,130000,90708,EG.2021004305,22,RENOVACION POPULAR,22709,INSCRITO,CHICLAYO,3,3,1519,LAMBAYEQUE
LAMBAYEQUE,130000,90549,EG.2021004153,4,ACCION POPULAR,22637,INSCRITO,CHICLAYO,3,3,1519,LAMBAYEQUE
LAMBAYEQUE,130000,90706,EG.2021004304,2191,DEMOCRACIA DIRECTA,22909,INSCRITO,CHICLAYO,3,3,1519,LAMBAYEQUE
LAMBAYEQUE,130000,90543,EG.2021004147,2646,FRENTE POPULAR AGRICOLA FIA DEL PERU - FREPAP,22586,INSCRITO,CHICLAYO,3,3,1519,LAMBAYEQUE
LAMBAYEQUE,130000,90889,EG.2021004479,21,VICTORIA NACIONAL,22832,INSCRITO,CHICLAYO,3,3,1519,LAMBAYEQUE
LAMBAYEQUE,130000,90703,EG.2021004301,14,PARTIDO DEMOCRATICO SOMOS PERU,22575,INSCRITO,CHICLAYO,3,3,1519,LAMBAYEQUE
LAMBAYEQUE,130000,91093,EG.2021004682,5,RENACIMIENTO UNIDO NACIONAL,23029,INSCRITO,CHICLAYO,3,3,1519,LAMBAYEQUE
LIMA,140000,91006,EG.2021004595,1257,ALIANZA PARA EL PROGRESO,22792,INSCRITO,HUAURA,2,2,1531,LIMA PROVINCIAS
LIMA,140000,91126,EG.2021004715,5,RENACIMIENTO UNIDO NACIONAL,23038,IMPROCEDENTE,HUAURA,2,2,1531,LIMA PROVINCIAS
LIMA,140000,91117,EG.2021004706,21,VICTORIA NACIONAL,23173,INSCRITO,HUAURA,2,2,1531,LIMA PROVINCIAS
LIMA,140000,90823,EG.2021004413,15,PARTIDO POPULAR CRISTIANO - PPC,22625,INSCRITO,HUAURA,2,2,1531,LIMA PROVINCIAS
LIMA,140000,90528,EG.2021004133,2646,FRENTE POPULAR AGRICOLA FIA DEL PERU - FREPAP,22512,INSCRITO,HUAURA,2,2,1531,LIMA PROVINCIAS
LIMA,140000,90480,EG.2021004085,2731,PODEMOS PERU,22641,INSCRITO,HUAURA,2,2,1531,LIMA PROVINCIAS
LIMA,140000,90854,EG.2021004444,55,PERU PATRIA SEGURA,22712,APELACIÓN,HUAURA,2,2,1531,LIMA PROVINCIAS
LIMA,140000,90829,EG.2021004419,22,RENOVACION POPULAR,22711,INSCRITO,HUAURA,2,2,1531,LIMA PROVINCIAS
LIMA,140000,91010,EG.2021004599,179,PARTIDO NACIONALISTA PERUANO,22890,IMPROCEDENTE,HUAURA,2,2,1531,LIMA PROVINCIAS
LIMA,140000,90914,EG.2021004504,2840,PARTIDO MORADO,23068,INSCRITO,HUAURA,2,2,1531,LIMA PROVINCIAS
LIMA,140000,91034,EG.2021004623,2160,"EL FRENTE AMPLIO POR JUSTICIA, VIDA Y LIBERTAD",22976,INSCRITO,HUAURA,2,2,1531,LIMA PROVINCIAS
LIMA,140000,90759,EG.2021004354,1264,JUNTOS POR EL PERU,22644,INSCRITO,HUAURA,2,2,1531,LIMA PROVINCIAS
LIMA,140000,90623,EG.2021004221,2191,DEMOCRACIA DIRECTA,22760,INSCRITO,HUAURA,2,2,1531,LIMA PROVINCIAS
LIMA,140000,90848,EG.2021004438,2218,PARTIDO POLITICO NACIONAL PERU LIBRE,22972,RECIBIDO,HUAURA,2,2,1531,LIMA PROVINCIAS
LIMA,140000,90779,EG.2021004374,2173,AVANZA PAIS - PARTIDO DE INTEGRACION SOCIAL,22951,INSCRITO,HUAURA,2,2,1531,LIMA PROVINCIAS
LIMA,140000,90789,EG.2021004383,47,UNION POR EL PERU,22874,INSCRITO,HUAURA,2,2,1531,LIMA PROVINCIAS
LIMA,140000,90668,EG.2021004266,14,PARTIDO DEMOCRATICO SOMOS PERU,22780,INSCRITO,HUAURA,2,2,1531,LIMA PROVINCIAS
LIMA,140000,90695,EG.2021004293,4,ACCION POPULAR,22683,INSCRITO,HUAURA,2,2,1531,LIMA PROVINCIAS
LIMA,140000,90527,EG.2021004132,1366,FUERZA POPULAR,22612,INSCRITO,HUAURA,2,2,1531,LIMA PROVINCIAS
LIMA,140100,90992,EG.2021004582,2731,PODEMOS PERU,23102,INSCRITO,LIMA CENTRO 2,17,17,1537,LIMA
LIMA,140100,90720,EG.2021004317,4,ACCION POPULAR,22911,INSCRITO,LIMA CENTRO 2,17,17,1537,LIMA
LIMA,140100,90924,EG.2021004514,179,PARTIDO NACIONALISTA PERUANO,22981,INSCRITO,LIMA CENTRO 2,17,17,1537,LIMA
LIMA,140100,90983,EG.2021004573,1257,ALIANZA PARA EL PROGRESO,22955,INSCRITO,LIMA CENTRO 2,17,17,1537,LIMA
LIMA,140100,91025,EG.2021004614,2840,PARTIDO MORADO,23092,INSCRITO,LIMA CENTRO 2,17,17,1537,LIMA
LIMA,140100,91066,EG.2021004655,2173,AVANZA PAIS - PARTIDO DE INTEGRACION SOCIAL,23149,INSCRITO,LIMA CENTRO 2,17,17,1537,LIMA
LIMA,140100,90958,EG.2021004548,55,PERU PATRIA SEGURA,23065,INSCRITO,LIMA CENTRO 2,17,17,1537,LIMA
LIMA,140100,91138,EG.2021004727,2857,PARTIDO FRENTE DE LA ESPERANZA 2021,23187,IMPROCEDENTE,LIMA CENTRO 2,17,17,1537,LIMA
LIMA,140100,90852,EG.2021004442,2218,PARTIDO POLITICO NACIONAL PERU LIBRE,23001,INSCRITO,LIMA CENTRO 2,17,17,1537,LIMA
LIMA,140100,90550,EG.2021004154,14,PARTIDO DEMOCRATICO SOMOS PERU,22695,TACHA EN TRAMITE,LIMA CENTRO 2,17,17,1537,LIMA
LIMA,140100,91095,EG.2021004684,21,VICTORIA NACIONAL,23072,INSCRITO,LIMA CENTRO 2,17,17,1537,LIMA
LIMA,140100,90726,EG.2021004323,22,RENOVACION POPULAR,22710,INSCRITO,LIMA CENTRO 2,17,17,1537,LIMA
LIMA,140100,91144,EG.2021004733,47,UNION POR EL PERU,22519,INSCRITO,LIMA CENTRO 2,17,17,1537,LIMA
LIMA,140100,90542,EG.2021004146,1366,FUERZA POPULAR,22609,INSCRITO,LIMA CENTRO 2,17,17,1537,LIMA
LIMA,140100,91170,EG.2021004759,2235,PARTIDO POLÍTICO CONTIGO,23182,IMPROCEDENTE,LIMA CENTRO 2,17,17,1537,LIMA
LIMA,140100,91147,EG.2021004736,15,PARTIDO POPULAR CRISTIANO - PPC,23167,INSCRITO,LIMA CENTRO 2,17,17,1537,LIMA
LIMA,140100,90642,EG.2021004240,2191,DEMOCRACIA DIRECTA,22738,INSCRITO,LIMA CENTRO 2,17,17,1537,LIMA
LIMA,140100,90826,EG.2021004416,1264,JUNTOS POR EL PERU,22814,INSCRITO,LIMA CENTRO 2,17,17,1537,LIMA
LIMA,140100,90933,EG.2021004523,2160,"EL FRENTE AMPLIO POR JUSTICIA, VIDA Y LIBERTAD",23022,INSCRITO,LIMA CENTRO 2,17,17,1537,LIMA
LIMA,140100,90531,EG.2021004136,2646,FRENTE POPULAR AGRICOLA FIA DEL PERU - FREPAP,22545,INSCRITO,LIMA CENTRO 2,17,17,1537,LIMA
LIMA,140100,91074,EG.2021004663,5,RENACIMIENTO UNIDO NACIONAL,23031,INSCRITO,LIMA CENTRO 2,17,17,1537,LIMA
LORETO,150000,90991,EG.2021004581,14,PARTIDO DEMOCRATICO SOMOS PERU,23101,INSCRITO,MAYNAS,2,2,1550,LORETO
LORETO,150000,91038,EG.2021004627,2218,PARTIDO POLITICO NACIONAL PERU LIBRE,22917,INSCRITO,MAYNAS,2,2,1550,LORETO
LORETO,150000,90901,EG.2021004491,2840,PARTIDO MORADO,23037,INSCRITO,MAYNAS,2,2,1550,LORETO
LORETO,150000,90725,EG.2021004322,2731,PODEMOS PERU,22633,INSCRITO,MAYNAS,2,2,1550,LORETO
LORETO,150000,90558,EG.2021004162,1366,FUERZA POPULAR,22614,INSCRITO,MAYNAS,2,2,1550,LORETO
LORETO,150000,90601,EG.2021004200,2646,FRENTE POPULAR AGRICOLA FIA DEL PERU - FREPAP,22563,INSCRITO,MAYNAS,2,2,1550,LORETO
LORETO,150000,90778,EG.2021004373,1264,JUNTOS POR EL PERU,22842,INSCRITO,MAYNAS,2,2,1550,LORETO
LORETO,150000,90785,EG.2021004379,47,UNION POR EL PERU,22687,INSCRITO,MAYNAS,2,2,1550,LORETO
LORETO,150000,91008,EG.2021004597,55,PERU PATRIA SEGURA,23129,INSCRITO,MAYNAS,2,2,1550,LORETO
LORETO,150000,90950,EG.2021004540,179,PARTIDO NACIONALISTA PERUANO,23081,INSCRITO,MAYNAS,2,2,1550,LORETO
LORETO,150000,90884,EG.2021004474,22,RENOVACION POPULAR,22714,INSCRITO,MAYNAS,2,2,1550,LORETO
LORETO,150000,90837,EG.2021004427,15,PARTIDO POPULAR CRISTIANO - PPC,22626,INSCRITO,MAYNAS,2,2,1550,LORETO
LORETO,150000,90987,EG.2021004577,2191,DEMOCRACIA DIRECTA,23124,INSCRITO,MAYNAS,2,2,1550,LORETO
LORETO,150000,91073,EG.2021004662,2160,"EL FRENTE AMPLIO POR JUSTICIA, VIDA Y LIBERTAD",23169,IMPROCEDENTE,MAYNAS,2,2,1550,LORETO
LORETO,150000,90894,EG.2021004484,21,VICTORIA NACIONAL,22533,INSCRITO,MAYNAS,2,2,1550,LORETO
LORETO,150000,90699,EG.2021004297,4,ACCION POPULAR,22807,INSCRITO,MAYNAS,2,2,1550,LORETO
LORETO,150000,90860,EG.2021004450,2173,AVANZA PAIS - PARTIDO DE INTEGRACION SOCIAL,23025,INSCRITO,MAYNAS,2,2,1550,LORETO
LORETO,150000,91030,EG.2021004619,1257,ALIANZA PARA EL PROGRESO,22856,INSCRITO,MAYNAS,2,2,1550,LORETO
LORETO,150000,91118,EG.2021004707,5,RENACIMIENTO UNIDO NACIONAL,23041,INSCRITO,MAYNAS,2,2,1550,LORETO
MADRE DE DIOS,160000,91104,EG.2021004693,2160,"EL FRENTE AMPLIO POR JUSTICIA, VIDA Y LIBERTAD",23186,IMPROCEDENTE,TAMBOPATA,2,2,1562,MADRE DE DIOS
MADRE DE DIOS,160000,91058,EG.2021004647,2840,PARTIDO MORADO,23144,INSCRITO,TAMBOPATA,2,2,1562,MADRE DE DIOS
MADRE DE DIOS,160000,90802,EG.2021004395,1264,JUNTOS POR EL PERU,22745,INSCRITO,TAMBOPATA,2,2,1562,MADRE DE DIOS
MADRE DE DIOS,160000,90644,EG.2021004242,2173,AVANZA PAIS - PARTIDO DE INTEGRACION SOCIAL,22764,INSCRITO,TAMBOPATA,2,2,1562,MADRE DE DIOS
MADRE DE DIOS,160000,90731,EG.2021004328,4,ACCION POPULAR,22927,INSCRITO,TAMBOPATA,2,2,1562,MADRE DE DIOS
MADRE DE DIOS,160000,91023,EG.2021004612,2191,DEMOCRACIA DIRECTA,23126,INSCRITO,TAMBOPATA,2,2,1562,MADRE DE DIOS
MADRE DE DIOS,160000,90546,EG.2021004150,1366,FUERZA POPULAR,22620,INSCRITO,TAMBOPATA,2,2,1562,MADRE DE DIOS
MADRE DE DIOS,160000,90791,EG.2021004385,22,RENOVACION POPULAR,22715,INSCRITO,TAMBOPATA,2,2,1562,MADRE DE DIOS
MADRE DE DIOS,160000,91036,EG.2021004625,15,PARTIDO POPULAR CRISTIANO - PPC,23143,IMPROCEDENTE,TAMBOPATA,2,2,1562,MADRE DE DIOS
MADRE DE DIOS,160000,91083,EG.2021004672,2731,PODEMOS PERU,23138,INSCRITO,TAMBOPATA,2,2,1562,MADRE DE DIOS
MADRE DE DIOS,160000,90704,EG.2021004302,14,PARTIDO DEMOCRATICO SOMOS PERU,22912,APELACIÓN,TAMBOPATA,2,2,1562,MADRE DE DIOS
MADRE DE DIOS,160000,90985,EG.2021004575,1257,ALIANZA PARA EL PROGRESO,22953,INSCRITO,TAMBOPATA,2,2,1562,MADRE DE DIOS
MADRE DE DIOS,160000,90833,EG.2021004423,2218,PARTIDO POLITICO NACIONAL PERU LIBRE,22735,APELACIÓN,TAMBOPATA,2,2,1562,MADRE DE DIOS
MADRE DE DIOS,160000,91092,EG.2021004681,21,VICTORIA NACIONAL,22834,INSCRITO,TAMBOPATA,2,2,1562,MADRE DE DIOS
MADRE DE DIOS,160000,91026,EG.2021004615,179,PARTIDO NACIONALISTA PERUANO,22892,INSCRITO,TAMBOPATA,2,2,1562,MADRE DE DIOS
MADRE DE DIOS,160000,90730,EG.2021004327,47,UNION POR EL PERU,22876,INSCRITO,TAMBOPATA,2,2,1562,MADRE DE DIOS
MADRE DE DIOS,160000,91070,EG.2021004659,5,RENACIMIENTO UNIDO NACIONAL,23045,INSCRITO,TAMBOPATA,2,2,1562,MADRE DE DIOS
MADRE DE DIOS,160000,90603,EG.2021004202,2646,FRENTE POPULAR AGRICOLA FIA DEL PERU - FREPAP,22549,INSCRITO,TAMBOPATA,2,2,1562,MADRE DE DIOS
MOQUEGUA,170000,91127,EG.2021004716,5,RENACIMIENTO UNIDO NACIONAL,23046,INSCRITO,MARISCAL NIETO,2,2,1549,MOQUEGUA
MOQUEGUA,170000,90753,EG.2021004348,1264,JUNTOS POR EL PERU,22859,APELACIÓN,MARISCAL NIETO,2,2,1549,MOQUEGUA
MOQUEGUA,170000,90397,EG.2021004002,2646,FRENTE POPULAR AGRICOLA FIA DEL PERU - FREPAP,22544,INSCRITO,MARISCAL NIETO,3,2,1549,MOQUEGUA
MOQUEGUA,170000,91004,EG.2021004593,14,PARTIDO DEMOCRATICO SOMOS PERU,23130,INSCRITO,MARISCAL NIETO,2,2,1549,MOQUEGUA
MOQUEGUA,170000,90805,EG.2021004397,47,UNION POR EL PERU,22933,INSCRITO,MARISCAL NIETO,2,2,1549,MOQUEGUA
MOQUEGUA,170000,90658,EG.2021004256,2218,PARTIDO POLITICO NACIONAL PERU LIBRE,22753,INSCRITO,MARISCAL NIETO,2,2,1549,MOQUEGUA
MOQUEGUA,170000,90824,EG.2021004414,179,PARTIDO NACIONALISTA PERUANO,22893,INSCRITO,MARISCAL NIETO,2,2,1549,MOQUEGUA
MOQUEGUA,170000,91027,EG.2021004616,1257,ALIANZA PARA EL PROGRESO,22806,INSCRITO,MARISCAL NIETO,2,2,1549,MOQUEGUA
MOQUEGUA,170000,90818,EG.2021004408,21,VICTORIA NACIONAL,22835,INSCRITO,MARISCAL NIETO,2,2,1549,MOQUEGUA
MOQUEGUA,170000,90626,EG.2021004224,4,ACCION POPULAR,22589,APELACIÓN,MARISCAL NIETO,2,2,1549,MOQUEGUA
MOQUEGUA,170000,90887,EG.2021004477,2173,AVANZA PAIS - PARTIDO DE INTEGRACION SOCIAL,23042,INSCRITO,MARISCAL NIETO,2,2,1549,MOQUEGUA
MOQUEGUA,170000,90763,EG.2021004358,22,RENOVACION POPULAR,22716,INSCRITO,MARISCAL NIETO,2,2,1549,MOQUEGUA
MOQUEGUA,170000,90895,EG.2021004485,2840,PARTIDO MORADO,23071,INSCRITO,MARISCAL NIETO,2,2,1549,MOQUEGUA
MOQUEGUA,170000,91072,EG.2021004661,15,PARTIDO POPULAR CRISTIANO - PPC,23153,INSCRITO,MARISCAL NIETO,2,2,1549,MOQUEGUA
MOQUEGUA,170000,90540,EG.2021004144,1366,FUERZA POPULAR,22618,INSCRITO,MARISCAL NIETO,2,2,1549,MOQUEGUA
MOQUEGUA,170000,90758,EG.2021004353,2191,DEMOCRACIA DIRECTA,22943,APELACIÓN,MARISCAL NIETO,2,2,1549,MOQUEGUA
MOQUEGUA,170000,90988,EG.2021004578,2160,"EL FRENTE AMPLIO POR JUSTICIA, VIDA Y LIBERTAD",23112,INSCRITO,MARISCAL NIETO,2,2,1549,MOQUEGUA
MOQUEGUA,170000,90875,EG.2021004465,2731,PODEMOS PERU,22653,INSCRITO,MARISCAL NIETO,2,2,1549,MOQUEGUA
PASCO,180000,91012,EG.2021004601,15,PARTIDO POPULAR CRISTIANO - PPC,22870,INSCRITO,PASCO,2,2,1553,PASCO
PASCO,180000,90798,EG.2021004392,14,PARTIDO DEMOCRATICO SOMOS PERU,22770,INSCRITO,PASCO,2,2,1553,PASCO
PASCO,180000,91148,EG.2021004737,2160,"EL FRENTE AMPLIO POR JUSTICIA, VIDA Y LIBERTAD",23188,INSCRITO,PASCO,2,2,1553,PASCO
PASCO,180000,90909,EG.2021004499,2840,PARTIDO MORADO,22882,INSCRITO,PASCO,2,2,1553,PASCO
PASCO,180000,91154,EG.2021004743,47,UNION POR EL PERU,23196,INSCRITO,PASCO,2,2,1553,PASCO
PASCO,180000,90962,EG.2021004552,2191,DEMOCRACIA DIRECTA,23096,INSCRITO,PASCO,2,2,1553,PASCO
PASCO,180000,91022,EG.2021004611,1257,ALIANZA PARA EL PROGRESO,22809,INSCRITO,PASCO,2,2,1553,PASCO
PASCO,180000,90928,EG.2021004518,1264,JUNTOS POR EL PERU,22657,INSCRITO,PASCO,2,2,1553,PASCO
PASCO,180000,91139,EG.2021004728,21,VICTORIA NACIONAL,22836,INSCRITO,PASCO,2,2,1553,PASCO
PASCO,180000,90717,EG.2021004314,22,RENOVACION POPULAR,22717,INSCRITO,PASCO,2,2,1553,PASCO
PASCO,180000,90613,EG.2021004212,1366,FUERZA POPULAR,22617,INSCRITO,PASCO,2,2,1553,PASCO
PASCO,180000,90952,EG.2021004542,2731,PODEMOS PERU,23062,INSCRITO,PASCO,2,2,1553,PASCO
PASCO,180000,91143,EG.2021004732,5,RENACIMIENTO UNIDO NACIONAL,23048,INSCRITO,PASCO,2,2,1553,PASCO
PASCO,180000,91009,EG.2021004598,179,PARTIDO NACIONALISTA PERUANO,22894,INSCRITO,PASCO,2,2,1553,PASCO
PASCO,180000,90932,EG.2021004522,2218,PARTIDO POLITICO NACIONAL PERU LIBRE,22944,INSCRITO,PASCO,2,2,1553,PASCO
PASCO,180000,90943,EG.2021004533,4,ACCION POPULAR,22984,INSCRITO,PASCO,2,2,1553,PASCO
PASCO,180000,90796,EG.2021004390,2646,FRENTE POPULAR AGRICOLA FIA DEL PERU - FREPAP,22565,INSCRITO,PASCO,2,2,1553,PASCO
PIURA,190000,91096,EG.2021004685,2160,"EL FRENTE AMPLIO POR JUSTICIA, VIDA Y LIBERTAD",23166,APELACIÓN,PIURA 1,4,4,1554,PIURA
PIURA,190000,91080,EG.2021004669,2731,PODEMOS PERU,23076,INSCRITO,PIURA 1,4,4,1554,PIURA
PIURA,190000,90960,EG.2021004550,2218,PARTIDO POLITICO NACIONAL PERU LIBRE,23017,IMPROCEDENTE,PIURA 1,4,4,1554,PIURA
PIURA,190000,90538,EG.2021004142,1366,FUERZA POPULAR,22616,INSCRITO,PIURA 1,4,4,1554,PIURA
PIURA,190000,91150,EG.2021004739,47,UNION POR EL PERU,23032,INSCRITO,PIURA 1,4,4,1554,PIURA
PIURA,190000,91111,EG.2021004700,4,ACCION POPULAR,23080,APELACIÓN,PIURA 1,4,4,1554,PIURA
PIURA,190000,91011,EG.2021004600,1257,ALIANZA PARA EL PROGRESO,23070,INSCRITO,PIURA 1,4,4,1554,PIURA
PIURA,190000,90795,EG.2021004389,2840,PARTIDO MORADO,22961,INSCRITO,PIURA 1,4,4,1554,PIURA
PIURA,190000,91100,EG.2021004689,2173,AVANZA PAIS - PARTIDO DE INTEGRACION SOCIAL,23158,INSCRITO,PIURA 1,4,4,1554,PIURA
PIURA,190000,91116,EG.2021004705,5,RENACIMIENTO UNIDO NACIONAL,23051,INSCRITO,PIURA 1,4,4,1554,PIURA
PIURA,190000,90963,EG.2021004553,22,RENOVACION POPULAR,22718,INSCRITO,PIURA 1,4,4,1554,PIURA
PIURA,190000,90946,EG.2021004536,55,PERU PATRIA SEGURA,23078,IMPROCEDENTE,PIURA 1,4,4,1554,PIURA
PIURA,190000,90900,EG.2021004490,14,PARTIDO DEMOCRATICO SOMOS PERU,22993,INSCRITO,PIURA 1,4,4,1554,PIURA
PIURA,190000,90794,EG.2021004388,21,VICTORIA NACIONAL,22838,INSCRITO,PIURA 1,4,4,1554,PIURA
PIURA,190000,90806,EG.2021004398,1264,JUNTOS POR EL PERU,22875,APELACIÓN,PIURA 1,4,4,1554,PIURA
PIURA,190000,91007,EG.2021004596,15,PARTIDO POPULAR CRISTIANO - PPC,22660,APELACIÓN,PIURA 1,4,4,1554,PIURA
PIURA,190000,90906,EG.2021004496,2191,DEMOCRACIA DIRECTA,23035,APELACIÓN,PIURA 1,4,4,1554,PIURA
PIURA,190000,91044,EG.2021004633,179,PARTIDO NACIONALISTA PERUANO,22896,INSCRITO,PIURA 1,4,4,1554,PIURA
PIURA,190000,90535,EG.2021004139,2646,FRENTE POPULAR AGRICOLA FIA DEL PERU - FREPAP,22558,INSCRITO,PIURA 1,4,4,1554,PIURA
PUNO,200000,90978,EG.2021004568,179,PARTIDO NACIONALISTA PERUANO,22550,INSCRITO,PUNO,3,3,1556,PUNO
PUNO,200000,91020,EG.2021004609,2218,PARTIDO POLITICO NACIONAL PERU LIBRE,22540,INSCRITO,PUNO,3,3,1556,PUNO
PUNO,200000,91061,EG.2021004650,2160,"EL FRENTE AMPLIO POR JUSTICIA, VIDA Y LIBERTAD",23049,INSCRITO,PUNO,3,3,1556,PUNO
PUNO,200000,91016,EG.2021004605,21,VICTORIA NACIONAL,22840,INSCRITO,PUNO,3,3,1556,PUNO
PUNO,200000,91101,EG.2021004690,5,RENACIMIENTO UNIDO NACIONAL,23052,INSCRITO,PUNO,3,3,1556,PUNO
PUNO,200000,91013,EG.2021004602,2840,PARTIDO MORADO,23079,INSCRITO,PUNO,3,3,1556,PUNO
PUNO,200000,90692,EG.2021004290,2646,FRENTE POPULAR AGRICOLA FIA DEL PERU - FREPAP,22769,INSCRITO,PUNO,3,3,1556,PUNO
PUNO,200000,91017,EG.2021004606,1257,ALIANZA PARA EL PROGRESO,22919,INSCRITO,PUNO,3,3,1556,PUNO
PUNO,200000,90890,EG.2021004480,14,PARTIDO DEMOCRATICO SOMOS PERU,23003,INSCRITO,PUNO,3,3,1556,PUNO
PUNO,200000,90935,EG.2021004525,47,UNION POR EL PERU,23057,INSCRITO,PUNO,3,3,1556,PUNO
PUNO,200000,90893,EG.2021004483,15,PARTIDO POPULAR CRISTIANO - PPC,22668,INSCRITO,PUNO,3,3,1556,PUNO
PUNO,200000,91015,EG.2021004604,4,ACCION POPULAR,23061,INSCRITO,PUNO,3,3,1556,PUNO
PUNO,200000,91168,EG.2021004757,2173,AVANZA PAIS - PARTIDO DE INTEGRACION SOCIAL,23216,INSCRITO,PUNO,3,3,1556,PUNO
PUNO,200000,90972,EG.2021004562,22,RENOVACION POPULAR,22720,INSCRITO,PUNO,3,3,1556,PUNO
PUNO,200000,90752,EG.2021004347,2191,DEMOCRACIA DIRECTA,22925,INSCRITO,PUNO,3,3,1556,PUNO
PUNO,200000,90565,EG.2021004169,1366,FUERZA POPULAR,22615,INSCRITO,PUNO,3,3,1556,PUNO
PUNO,200000,90797,EG.2021004391,2731,PODEMOS PERU,22921,INSCRITO,PUNO,3,3,1556,PUNO
PUNO,200000,90877,EG.2021004467,1264,JUNTOS POR EL PERU,22810,INSCRITO,PUNO,3,3,1556,PUNO
SAN MARTIN,210000,90770,EG.2021004365,1264,JUNTOS POR EL PERU,22642,INSCRITO,MOYOBAMBA,2,2,1551,SAN MARTIN
SAN MARTIN,210000,90387,EG.2021003992,2646,FRENTE POPULAR AGRICOLA FIA DEL PERU - FREPAP,22564,INSCRITO,MOYOBAMBA,2,2,1551,SAN MARTIN
SAN MARTIN,210000,90808,EG.2021004400,47,UNION POR EL PERU,22759,INSCRITO,MOYOBAMBA,2,2,1551,SAN MARTIN
SAN MARTIN,210000,90776,EG.2021004371,4,ACCION POPULAR,22904,INSCRITO,MOYOBAMBA,2,2,1551,SAN MARTIN
SAN MARTIN,210000,90775,EG.2021004370,14,PARTIDO DEMOCRATICO SOMOS PERU,22964,INSCRITO,MOYOBAMBA,2,2,1551,SAN MARTIN
SAN MARTIN,210000,90855,EG.2021004445,2191,DEMOCRACIA DIRECTA,23023,INSCRITO,MOYOBAMBA,2,2,1551,SAN MARTIN
SAN MARTIN,210000,91052,EG.2021004641,1257,ALIANZA PARA EL PROGRESO,22816,INSCRITO,MOYOBAMBA,2,2,1551,SAN MARTIN
SAN MARTIN,210000,90727,EG.2021004324,2173,AVANZA PAIS - PARTIDO DE INTEGRACION SOCIAL,22869,INSCRITO,MOYOBAMBA,2,2,1551,SAN MARTIN
SAN MARTIN,210000,90530,EG.2021004135,1366,FUERZA POPULAR,22611,INSCRITO,MOYOBAMBA,2,2,1551,SAN MARTIN
SAN MARTIN,210000,91076,EG.2021004665,2218,PARTIDO POLITICO NACIONAL PERU LIBRE,23095,INSCRITO,MOYOBAMBA,2,2,1551,SAN MARTIN
SAN MARTIN,210000,90534,EG.2021004138,2731,PODEMOS PERU,22678,INSCRITO,MOYOBAMBA,2,2,1551,SAN MARTIN
SAN MARTIN,210000,91059,EG.2021004648,15,PARTIDO POPULAR CRISTIANO - PPC,22703,INSCRITO,MOYOBAMBA,2,2,1551,SAN MARTIN
SAN MARTIN,210000,90835,EG.2021004425,21,VICTORIA NACIONAL,22843,INSCRITO,MOYOBAMBA,2,2,1551,SAN MARTIN
SAN MARTIN,210000,91014,EG.2021004603,2840,PARTIDO MORADO,22985,INSCRITO,MOYOBAMBA,2,2,1551,SAN MARTIN
SAN MARTIN,210000,90641,EG.2021004239,22,RENOVACION POPULAR,22721,INSCRITO,MOYOBAMBA,2,2,1551,SAN MARTIN
SAN MARTIN,210000,90897,EG.2021004487,179,PARTIDO NACIONALISTA PERUANO,22897,INSCRITO,MOYOBAMBA,2,2,1551,SAN MARTIN
SAN MARTIN,210000,91068,EG.2021004657,5,RENACIMIENTO UNIDO NACIONAL,23053,INSCRITO,MOYOBAMBA,2,2,1551,SAN MARTIN
TACNA,220000,90643,EG.2021004241,2646,FRENTE POPULAR AGRICOLA FIA DEL PERU - FREPAP,22548,APELACIÓN,TACNA,2,2,1561,TACNA
TACNA,220000,90896,EG.2021004486,15,PARTIDO POPULAR CRISTIANO - PPC,22861,INSCRITO,TACNA,2,2,1561,TACNA
TACNA,220000,90869,EG.2021004459,47,UNION POR EL PERU,22995,INSCRITO,TACNA,2,2,1561,TACNA
TACNA,220000,90964,EG.2021004554,2160,"EL FRENTE AMPLIO POR JUSTICIA, VIDA Y LIBERTAD",23098,INSCRITO,TACNA,2,2,1561,TACNA
TACNA,220000,90749,EG.2021004344,22,RENOVACION POPULAR,22722,INSCRITO,TACNA,2,2,1561,TACNA
TACNA,220000,90822,EG.2021004412,179,PARTIDO NACIONALISTA PERUANO,22755,INSCRITO,TACNA,2,2,1561,TACNA
TACNA,220000,90838,EG.2021004428,14,PARTIDO DEMOCRATICO SOMOS PERU,22998,INSCRITO,TACNA,2,2,1561,TACNA
TACNA,220000,91153,EG.2021004742,21,VICTORIA NACIONAL,23191,INSCRITO,TACNA,2,2,1561,TACNA
TACNA,220000,91021,EG.2021004610,1257,ALIANZA PARA EL PROGRESO,23073,INSCRITO,TACNA,2,2,1561,TACNA
TACNA,220000,90766,EG.2021004361,2218,PARTIDO POLITICO NACIONAL PERU LIBRE,22916,INSCRITO,TACNA,2,2,1561,TACNA
TACNA,220000,91141,EG.2021004730,5,RENACIMIENTO UNIDO NACIONAL,23054,INSCRITO,TACNA,2,2,1561,TACNA
TACNA,220000,90773,EG.2021004368,55,PERU PATRIA SEGURA,22942,APELACIÓN,TACNA,2,2,1561,TACNA
TACNA,220000,90996,EG.2021004585,2191,DEMOCRACIA DIRECTA,23103,INSCRITO,TACNA,2,2,1561,TACNA
TACNA,220000,91123,EG.2021004712,2173,AVANZA PAIS - PARTIDO DE INTEGRACION SOCIAL,23194,INSCRITO,TACNA,2,2,1561,TACNA
TACNA,220000,91037,EG.2021004626,2840,PARTIDO MORADO,23119,INSCRITO,TACNA,2,2,1561,TACNA
TACNA,220000,90825,EG.2021004415,4,ACCION POPULAR,22574,INSCRITO,TACNA,2,2,1561,TACNA
TACNA,220000,90532,EG.2021004137,1366,FUERZA POPULAR,22604,INSCRITO,TACNA,2,2,1561,TACNA
TACNA,220000,91136,EG.2021004725,2731,PODEMOS PERU,23193,INSCRITO,TACNA,2,2,1561,TACNA
TACNA,220000,90761,EG.2021004356,1264,JUNTOS POR EL PERU,22634,INSCRITO,TACNA,2,2,1561,TACNA
TUMBES,230000,91108,EG.2021004697,2160,"EL FRENTE AMPLIO POR JUSTICIA, VIDA Y LIBERTAD",22960,INSCRITO,TUMBES,2,2,1564,TUMBES
TUMBES,230000,91064,EG.2021004653,4,ACCION POPULAR,22811,IMPROCEDENTE,TUMBES,2,2,1564,TUMBES
TUMBES,230000,90665,EG.2021004263,22,RENOVACION POPULAR,22723,INSCRITO,TUMBES,2,2,1564,TUMBES
TUMBES,230000,91113,EG.2021004702,21,VICTORIA NACIONAL,22846,INSCRITO,TUMBES,2,2,1564,TUMBES
TUMBES,230000,91069,EG.2021004658,1257,ALIANZA PARA EL PROGRESO,23074,INSCRITO,TUMBES,2,2,1564,TUMBES
TUMBES,230000,90765,EG.2021004360,2191,DEMOCRACIA DIRECTA,22935,INSCRITO,TUMBES,2,2,1564,TUMBES
TUMBES,230000,90662,EG.2021004260,2840,PARTIDO MORADO,22785,INSCRITO,TUMBES,2,2,1564,TUMBES
TUMBES,230000,91105,EG.2021004694,15,PARTIDO POPULAR CRISTIANO - PPC,22662,INSCRITO,TUMBES,2,2,1564,TUMBES
TUMBES,230000,90426,EG.2021004031,2646,FRENTE POPULAR AGRICOLA FIA DEL PERU - FREPAP,22525,INSCRITO,TUMBES,2,2,1564,TUMBES
TUMBES,230000,91102,EG.2021004691,5,RENACIMIENTO UNIDO NACIONAL,23055,INSCRITO,TUMBES,2,2,1564,TUMBES
TUMBES,230000,90934,EG.2021004524,2731,PODEMOS PERU,23034,INSCRITO,TUMBES,2,2,1564,TUMBES
TUMBES,230000,91028,EG.2021004617,179,PARTIDO NACIONALISTA PERUANO,22898,INSCRITO,TUMBES,2,2,1564,TUMBES
TUMBES,230000,91157,EG.2021004746,2173,AVANZA PAIS - PARTIDO DE INTEGRACION SOCIAL,23209,INSCRITO,TUMBES,2,2,1564,TUMBES
TUMBES,230000,90913,EG.2021004503,2218,PARTIDO POLITICO NACIONAL PERU LIBRE,22982,INSCRITO,TUMBES,2,2,1564,TUMBES
TUMBES,230000,91045,EG.2021004634,47,UNION POR EL PERU,22958,INSCRITO,TUMBES,2,2,1564,TUMBES
TUMBES,230000,90815,EG.2021004405,1264,JUNTOS POR EL PERU,22841,INSCRITO,TUMBES,2,2,1564,TUMBES
TUMBES,230000,90659,EG.2021004257,14,PARTIDO DEMOCRATICO SOMOS PERU,22791,INSCRITO,TUMBES,2,2,1564,TUMBES
TUMBES,230000,90544,EG.2021004148,1366,FUERZA POPULAR,22608,INSCRITO,TUMBES,2,2,1564,TUMBES
UCAYALI,250000,90830,EG.2021004420,2191,DEMOCRACIA DIRECTA,22986,INSCRITO,CORONEL PORTILLO,2,2,1521,UCAYALI
UCAYALI,250000,90555,EG.2021004159,2646,FRENTE POPULAR AGRICOLA FIA DEL PERU - FREPAP,22570,INSCRITO,CORONEL PORTILLO,2,2,1521,UCAYALI
UCAYALI,250000,90968,EG.2021004558,22,RENOVACION POPULAR,22724,INSCRITO,CORONEL PORTILLO,2,2,1521,UCAYALI
UCAYALI,250000,90841,EG.2021004431,2731,PODEMOS PERU,22758,INSCRITO,CORONEL PORTILLO,2,2,1521,UCAYALI
UCAYALI,250000,90930,EG.2021004520,21,VICTORIA NACIONAL,22848,INSCRITO,CORONEL PORTILLO,2,2,1521,UCAYALI
UCAYALI,250000,91090,EG.2021004679,5,RENACIMIENTO UNIDO NACIONAL,23056,INSCRITO,CORONEL PORTILLO,2,2,1521,UCAYALI
UCAYALI,250000,90548,EG.2021004152,1366,FUERZA POPULAR,22610,INSCRITO,CORONEL PORTILLO,2,2,1521,UCAYALI
UCAYALI,250000,90748,EG.2021004343,4,ACCION POPULAR,22930,INSCRITO,CORONEL PORTILLO,2,2,1521,UCAYALI
UCAYALI,250000,90751,EG.2021004346,2218,PARTIDO POLITICO NACIONAL PERU LIBRE,22932,INSCRITO,CORONEL PORTILLO,2,2,1521,UCAYALI
UCAYALI,250000,90688,EG.2021004286,14,PARTIDO DEMOCRATICO SOMOS PERU,22797,INSCRITO,CORONEL PORTILLO,2,2,1521,UCAYALI
UCAYALI,250000,90872,EG.2021004462,179,PARTIDO NACIONALISTA PERUANO,22546,INSCRITO,CORONEL PORTILLO,2,2,1521,UCAYALI
UCAYALI,250000,90926,EG.2021004516,2840,PARTIDO MORADO,23083,INSCRITO,CORONEL PORTILLO,2,2,1521,UCAYALI
UCAYALI,250000,91005,EG.2021004594,1257,ALIANZA PARA EL PROGRESO,23077,INSCRITO,CORONEL PORTILLO,2,2,1521,UCAYALI
UCAYALI,250000,91051,EG.2021004640,15,PARTIDO POPULAR CRISTIANO - PPC,22740,INSCRITO,CORONEL PORTILLO,2,2,1521,UCAYALI
UCAYALI,250000,90820,EG.2021004410,1264,JUNTOS POR EL PERU,22649,INSCRITO,CORONEL PORTILLO,2,2,1521,UCAYALI
UCAYALI,250000,90732,EG.2021004329,47,UNION POR EL PERU,22658,INSCRITO,CORONEL PORTILLO,2,2,1521,UCAYALI
